,,accuracy,equal_opportunity,p_percent,c_variation
RegMoo,voting soft,0.7953458306399482,0.8972085674905979,0.5340235285343987,0.7140959902547223
RegMoo,voting hard,0.7952488687782805,0.9192838950371466,0.5577607973613801,0.7146136885432888
RegMoo,knorau,0.7955720749838396,0.9176517189689548,0.5589908836782307,0.7139963539490557
RegMoo,knorae,0.7976405946994182,0.9487350514951356,0.5828723058400718,0.7094669639678695
RegEqMoo,voting soft,0.5716224951519069,0.8917511492013617,0.7197516336210785,0.5697620624964954
RegEqMoo,voting hard,0.5716548157724628,0.9025262535246823,0.726014678433673,0.5699889463699637
RegEqMoo,knorau,0.6236263736263736,0.888159627146109,0.7120894084649776,0.6396614977865722
RegEqMoo,knorae,0.7013897866839043,0.8936837079986322,0.8649824957372723,0.7675383403097729
