,,accuracy,equal_opportunity,p_percent,c_variation
RegMoo,voting soft,0.6754655870445343,0.6108954124166777,0.4577091503863557,0.9322156000243681
RegMoo,voting hard,0.6767611336032389,0.6384005382550246,0.4793387203553122,0.9297597817981962
RegMoo,knorau,0.6859919028340081,0.5821637564698091,0.45560663896793097,0.8972091675501148
RegMoo,knorae,0.6448582995951417,0.8129089959899143,0.7098317114519135,0.962577375831726
RegEqMoo,voting soft,0.4469635627530365,1.0,1.0,0.4527373095859184
RegEqMoo,voting hard,0.4469635627530365,1.0,1.0,0.4527373095859184
RegEqMoo,knorau,0.5502834008097166,0.9001499115862359,0.8662211880132926,0.596061722407573
RegEqMoo,knorae,0.5774898785425102,0.8010978784831898,0.7581018265074286,0.8951299532889815
