,,accuracy,equal_opportunity,p_percent,c_variation
RegMoo,voting soft,0.9530102790014684,1.0,1.0,0.28583986990983784
RegMoo,voting hard,0.9530592266275086,1.0,0.9996805111821087,0.2857114547634392
RegMoo,knorau,0.953206069505629,0.9988847583643121,0.9968051118210861,0.2854933265976737
RegMoo,knorae,0.9193343122858542,0.8848001518042194,0.8617953303916503,0.4028005859746747
RegEqMoo,voting soft,0.9530102790014684,1.0,1.0,0.28583986990983784
RegEqMoo,voting hard,0.9530102790014684,1.0,1.0,0.28583986990983784
RegEqMoo,knorau,0.9530102790014684,1.0,1.0,0.28583986990983784
RegEqMoo,knorae,0.918893783651493,0.8840396860917379,0.8634469911386764,0.4038125216233955
