,,accuracy,equal_opportunity,p_percent,c_variation
RegMoo,voting soft,0.9530102790014684,1.0,1.0,0.28583986990983523
RegMoo,voting hard,0.9530592266275085,1.0,0.9996805111821085,0.28571145476343673
RegMoo,knorau,0.9530592266275085,0.9992565055762082,0.9984025559105432,0.28582323573996427
RegMoo,knorae,0.9145863925599609,0.881168561693048,0.8644339544470626,0.4155295268456173
RegEqMoo,voting soft,0.9530102790014684,1.0,1.0,0.28583986990983523
RegEqMoo,voting hard,0.9530102790014684,1.0,1.0,0.28583986990983523
RegEqMoo,knorau,0.9530102790014684,1.0,1.0,0.28583986990983523
RegEqMoo,knorae,0.9143906020558004,0.8811698462891756,0.8653731196929737,0.4159410301173321
